product_id,product_name,category,unit_price
101,Storage System,Computing,500
102,Monitor Ultra,Electronics,1500
103,Tablet Pro,Infrastructure,3500
104,Monitor Ultra,Mobile,1200
105,Phone X,Electronics,500
106,Tablet Pro,Networking,5000
107,Monitor Ultra,Electronics,5000
108,Enterprise Server,Computing,500
109,Business Laptop,Computing,1200
110,Server X,Mobile,3500
111,Laptop Pro,Computing,2000
112,Tablet Pro,Computing,3500
113,Server X,Electronics,2000
114,Monitor Ultra,Computing,500
115,Network Router,Networking,500
116,Network Router,Mobile,1500
117,Laptop Pro,Mobile,700
118,Workstation Z,Infrastructure,700
119,Enterprise Server,Mobile,900
120,Laptop Pro,Mobile,2000
121,Server X,Networking,5000
122,Server X,Infrastructure,700
123,Storage System,Electronics,1500
124,Tablet Pro,Electronics,1200
125,Laptop Pro,Mobile,1500
126,Business Laptop,Networking,5000
127,Phone X,Electronics,1200
128,Phone X,Mobile,500
129,Workstation Z,Mobile,700
130,Workstation Z,Networking,3500
131,Storage System,Networking,2000
132,Server X,Networking,5000
133,Workstation Z,Computing,1500
134,Monitor Ultra,Networking,700
135,Network Router,Computing,900
136,Business Laptop,Mobile,2000
137,Monitor Ultra,Electronics,2000
138,Phone X,Mobile,5000
139,Enterprise Server,Networking,900
140,Storage System,Mobile,5000
141,Laptop Pro,Mobile,3500
142,Phone X,Electronics,700
143,Network Router,Mobile,900
144,Laptop Pro,Infrastructure,5000
145,Laptop Pro,Infrastructure,700
146,Tablet Pro,Mobile,2000
147,Network Router,Computing,500
148,Enterprise Server,Infrastructure,5000
149,Workstation Z,Mobile,5000
150,Monitor Ultra,Computing,900
151,Business Laptop,Mobile,3500
152,Workstation Z,Mobile,1200
153,Monitor Ultra,Electronics,900
154,Storage System,Computing,3500
155,Business Laptop,Electronics,1500
156,Phone X,Networking,1200
157,Enterprise Server,Mobile,5000
158,Tablet Pro,Electronics,900
159,Monitor Ultra,Networking,900
160,Storage System,Electronics,2000
161,Workstation Z,Electronics,1500
162,Phone X,Infrastructure,900
163,Workstation Z,Computing,1200
164,Monitor Ultra,Infrastructure,900
165,Tablet Pro,Networking,500
166,Workstation Z,Computing,2000
167,Storage System,Computing,900
168,Enterprise Server,Electronics,700
169,Phone X,Networking,5000
170,Business Laptop,Networking,3500
171,Enterprise Server,Electronics,900
172,Workstation Z,Electronics,5000
173,Storage System,Computing,2000
174,Server X,Computing,900
175,Server X,Networking,500
176,Monitor Ultra,Computing,900
177,Phone X,Infrastructure,900
178,Workstation Z,Infrastructure,2000
179,Business Laptop,Mobile,700
180,Phone X,Infrastructure,1500
181,Server X,Mobile,700
182,Business Laptop,Infrastructure,900
183,Server X,Computing,2000
184,Enterprise Server,Electronics,500
185,Monitor Ultra,Electronics,1500
186,Tablet Pro,Computing,3500
187,Enterprise Server,Electronics,5000
188,Business Laptop,Mobile,1500
189,Storage System,Infrastructure,3500
190,Phone X,Networking,700
191,Laptop Pro,Infrastructure,5000
192,Network Router,Networking,5000
193,Tablet Pro,Mobile,900
194,Workstation Z,Mobile,2000
195,Network Router,Infrastructure,2000
196,Business Laptop,Computing,700
197,Workstation Z,Infrastructure,5000
198,Monitor Ultra,Mobile,5000
199,Tablet Pro,Infrastructure,700
200,Laptop Pro,Mobile,3500
